id,rating
0,5
1,5
2,1
3,3
4,4
5,1
6,3
7,5
8,1
9,3
10,1
11,4
12,4
13,5
14,1
15,5
16,5
17,5
18,2
19,5
20,5
21,3
22,3
23,1
24,2
25,4
26,5
27,3
28,5
29,5
30,5
31,1
32,3
33,1
34,5
35,5
36,1
37,3
38,1
39,1
40,5
41,5
42,1
43,1
44,5
45,5
46,3
47,1
48,3
49,5
50,5
51,3
52,5
53,1
54,1
55,5
56,5
57,1
58,4
59,1
60,5
61,1
62,1
63,4
64,5
65,5
66,5
67,4
68,1
69,4
70,5
71,5
72,3
73,1
74,1
75,5
76,1
77,5
78,4
79,3
80,1
81,1
82,5
83,5
84,1
85,1
86,2
87,1
88,5
89,3
90,1
91,4
92,5
93,5
94,1
95,3
96,1
97,5
98,1
99,5
100,3
101,3
102,5
103,5
104,3
105,5
106,1
107,1
108,5
109,3
110,5
111,5
112,1
113,1
114,1
115,1
116,1
117,1
118,5
119,5
120,2
121,1
122,5
123,4
124,1
125,1
126,1
127,1
128,2
129,1
130,1
131,2
132,3
133,1
134,1
135,5
136,4
137,1
138,5
139,5
140,1
141,5
142,2
143,2
144,4
145,1
146,1
147,5
148,1
149,3
150,5
151,5
152,3
153,1
154,1
155,1
156,3
157,5
158,1
159,1
160,5
161,3
162,5
163,4
164,1
165,5
166,5
167,5
168,1
169,4
170,5
171,1
172,5
173,5
174,1
175,5
176,1
177,5
178,4
179,2
180,1
181,3
182,2
183,2
184,2
185,1
186,1
187,1
188,5
189,1
190,3
191,5
192,1
193,1
194,5
195,5
196,1
197,5
198,4
199,1
200,5
201,5
202,3
203,1
204,5
205,5
206,1
207,5
208,5
209,1
210,5
211,5
212,5
213,5
214,1
215,5
216,3
217,5
218,1
219,4
220,1
221,5
222,5
223,5
224,1
225,3
226,5
227,5
228,2
229,4
230,5
231,5
232,1
233,5
234,1
235,5
236,4
237,5
238,3
239,1
240,4
241,3
242,1
243,1
244,5
245,5
246,1
247,5
248,5
249,2
250,1
251,5
252,5
253,1
254,1
255,4
256,5
257,5
258,1
259,4
260,3
261,5
262,5
263,4
264,1
265,4
266,5
267,5
268,1
269,1
270,3
271,1
272,3
273,4
274,3
275,5
276,5
277,5
278,5
279,5
280,4
281,5
282,5
283,1
284,1
285,5
286,1
287,4
288,3
289,1
290,5
291,1
292,1
293,5
294,1
295,3
296,2
297,5
298,3
299,1
300,2
301,5
302,5
303,5
304,4
305,1
306,4
307,5
308,4
309,2
310,5
311,4
312,5
313,1
314,3
315,5
316,5
317,1
318,5
319,3
320,1
321,5
322,5
323,2
324,5
325,3
326,5
327,1
328,4
329,1
330,1
331,3
332,1
333,1
334,1
335,5
336,5
337,1
338,1
339,1
340,1
341,3
342,5
343,1
344,5
345,5
346,5
347,4
348,1
349,1
350,5
351,5
352,1
353,5
354,5
355,3
356,3
357,5
358,5
359,5
360,5
361,1
362,5
363,1
364,5
365,1
366,5
367,3
368,5
369,1
370,5
371,3
372,1
373,2
374,2
375,5
376,4
377,5
378,4
379,1
380,1
381,4
382,5
383,2
384,2
385,5
386,1
387,1
388,3
389,2
390,5
391,5
392,4
393,5
394,1
395,4
396,5
397,5
398,1
399,5
400,1
401,1
402,4
403,1
404,5
405,5
406,5
407,1
408,5
409,5
410,1
411,5
412,1
413,1
414,5
415,1
416,1
417,5
418,5
419,5
420,1
421,3
422,3
423,5
424,1
425,5
426,4
427,3
428,1
429,5
430,1
431,1
432,1
433,5
434,5
435,3
436,1
437,4
438,1
439,3
440,4
441,1
442,4
443,5
444,4
445,5
446,5
447,1
448,5
449,5
450,5
451,5
452,5
453,3
454,1
455,5
456,5
457,1
458,1
459,1
460,5
461,1
462,5
463,1
464,5
465,1
466,1
467,5
468,1
469,5
470,3
471,1
472,5
473,4
474,5
475,1
476,1
477,1
478,1
479,1
480,5
481,4
482,1
483,5
484,5
485,1
486,5
487,4
488,5
489,5
490,1
491,4
492,1
493,1
494,2
495,4
496,5
497,3
498,5
499,1
500,3
501,5
502,5
503,5
504,1
505,5
506,5
507,1
508,2
509,5
510,1
511,1
512,1
513,1
514,1
515,5
516,2
517,1
518,1
519,1
520,1
521,4
522,4
523,1
524,1
525,5
526,3
527,5
528,1
529,5
530,5
531,5
532,5
533,5
534,1
535,5
536,4
537,1
538,5
539,5
540,1
541,1
542,5
543,5
544,1
545,1
546,5
547,1
548,3
549,3
550,4
551,3
552,5
553,1
554,1
555,1
556,1
557,1
558,5
559,5
560,3
561,1
562,1
563,1
564,4
565,5
566,1
567,2
568,3
569,1
570,1
571,5
572,5
573,1
574,1
575,5
576,5
577,5
578,1
579,1
580,5
581,4
582,1
583,5
584,5
585,4
586,5
587,4
588,4
589,5
590,1
591,3
592,5
593,5
594,2
595,3
596,5
597,5
598,5
599,4
600,5
601,5
602,3
603,4
604,1
605,3
606,1
607,5
608,5
609,4
610,5
611,1
612,3
613,1
614,1
615,2
616,4
617,5
618,1
619,1
620,5
621,5
622,3
623,5
624,1
625,5
626,1
627,4
628,1
629,5
630,5
631,5
632,1
633,3
634,5
635,5
636,5
637,1
638,1
639,1
640,5
641,1
642,3
643,1
644,1
645,5
646,5
647,1
648,5
649,5
650,4
651,4
652,5
653,1
654,4
655,1
656,5
657,5
658,1
659,3
660,2
661,5
662,5
663,1
664,5
665,5
666,1
667,1
668,5
669,5
670,1
671,1
672,5
673,1
674,2
675,4
676,1
677,4
678,1
679,5
680,3
681,1
682,5
683,5
684,5
685,1
686,1
687,1
688,3
689,4
690,4
691,5
692,5
693,3
694,5
695,5
696,5
697,1
698,1
699,5
700,4
701,5
702,5
703,1
704,5
705,3
706,1
707,1
708,1
709,1
710,1
711,2
712,1
713,4
714,1
715,5
716,3
717,5
718,5
719,5
720,1
721,1
722,5
723,1
724,5
725,1
726,1
727,4
728,5
729,1
730,3
731,5
732,3
733,1
734,4
735,5
736,1
737,3
738,1
739,4
740,5
741,5
742,3
743,1
744,5
745,4
746,5
747,3
748,1
749,1
750,1
751,1
752,5
753,3
754,4
755,5
756,4
757,5
758,5
759,5
760,1
761,5
762,5
763,5
764,5
765,1
766,1
767,5
768,4
769,4
770,4
771,5
772,5
773,1
774,1
775,1
776,1
777,3
778,5
779,5
780,1
781,5
782,3
783,1
784,3
785,5
786,1
787,1
788,1
789,1
790,5
791,5
792,5
793,5
794,1
795,5
796,1
797,3
798,5
799,1
800,1
801,5
802,1
803,1
804,1
805,1
806,4
807,5
808,5
809,1
810,5
811,1
812,5
813,1
814,1
815,1
816,5
817,5
818,5
819,5
820,1
821,1
822,5
823,4
824,4
825,3
826,1
827,3
828,5
829,4
830,5
831,5
832,5
833,1
834,1
835,5
836,3
837,4
838,4
839,5
840,2
841,4
842,5
843,1
844,5
845,5
846,5
847,3
848,1
849,4
850,3
851,5
852,1
853,3
854,5
855,3
856,2
857,5
858,1
859,4
860,1
861,2
862,5
863,1
864,1
865,4
866,5
867,5
868,3
869,5
870,5
871,3
872,3
873,1
874,1
875,1
876,4
877,5
878,1
879,3
880,5
881,5
882,1
883,1
884,5
885,4
886,5
887,1
888,1
889,5
890,3
891,5
892,5
893,5
894,5
895,5
896,1
897,5
898,4
899,4
900,1
901,3
902,1
903,5
904,5
905,1
906,3
907,4
908,1
909,5
910,5
911,5
912,1
913,1
914,1
915,1
916,5
917,5
918,3
919,1
920,1
921,1
922,1
923,1
924,4
925,4
926,5
927,4
928,1
929,1
930,5
931,3
932,4
933,4
934,2
935,1
936,3
937,1
938,4
939,3
940,5
941,3
942,1
943,5
944,1
945,3
946,4
947,5
948,4
949,3
950,4
951,1
952,3
953,1
954,5
955,3
956,5
957,5
958,5
959,1
960,3
961,1
962,4
963,1
964,5
965,4
966,1
967,5
968,5
969,1
970,1
971,1
972,5
973,5
974,4
975,5
976,5
977,5
978,3
979,3
980,5
981,5
982,4
983,5
984,5
985,3
986,4
987,5
988,5
989,1
990,1
991,1
992,1
993,5
994,1
995,1
996,3
997,1
998,1
999,5
1000,1
1001,5
1002,5
1003,1
1004,3
1005,4
1006,1
1007,1
1008,5
1009,1
1010,4
1011,5
1012,1
1013,5
1014,5
1015,5
1016,1
1017,5
1018,1
1019,5
1020,1
1021,5
1022,1
1023,5
1024,4
1025,1
1026,1
1027,1
1028,4
1029,1
1030,5
1031,1
1032,3
1033,5
1034,1
1035,1
1036,5
1037,5
1038,1
1039,5
1040,4
1041,1
1042,1
1043,5
1044,5
1045,1
1046,5
1047,5
1048,5
1049,5
1050,3
1051,5
1052,1
1053,5
1054,3
1055,5
1056,5
1057,1
1058,3
1059,1
1060,5
1061,1
1062,1
1063,4
1064,5
1065,5
1066,1
1067,5
1068,5
1069,1
1070,3
1071,5
1072,1
1073,1
1074,3
1075,5
1076,1
1077,4
1078,4
1079,1
1080,5
1081,1
1082,4
1083,1
1084,5
1085,5
1086,4
1087,5
1088,4
1089,5
1090,1
1091,1
1092,1
1093,3
1094,2
1095,3
1096,1
1097,5
1098,5
1099,1
1100,5
1101,1
1102,3
1103,5
1104,3
1105,5
1106,5
1107,1
1108,1
1109,5
1110,5
1111,5
1112,1
1113,3
1114,4
1115,1
1116,1
1117,1
1118,5
1119,1
1120,4
1121,1
1122,1
1123,1
1124,5
1125,3
1126,1
1127,1
1128,3
1129,5
1130,1
1131,1
1132,5
1133,1
1134,5
1135,1
1136,5
1137,3
1138,5
1139,5
1140,4
1141,5
1142,4
1143,5
1144,5
1145,5
1146,1
1147,4
1148,1
1149,1
1150,4
1151,1
1152,5
1153,5
1154,4
1155,1
1156,1
1157,5
1158,3
1159,5
1160,1
1161,5
1162,1
1163,5
1164,3
1165,1
1166,1
1167,1
1168,4
1169,3
1170,5
1171,1
1172,5
1173,5
1174,1
1175,3
1176,5
1177,5
1178,1
1179,1
1180,5
1181,5
1182,1
1183,5
1184,1
1185,2
1186,1
1187,5
1188,5
1189,1
1190,5
1191,1
1192,5
1193,1
1194,4
1195,1
1196,1
1197,5
1198,5
1199,4
1200,1
1201,1
1202,5
1203,1
1204,1
1205,5
1206,2
1207,3
1208,1
1209,1
1210,4
1211,5
1212,4
1213,1
1214,3
1215,4
1216,1
1217,1
1218,1
1219,5
1220,4
1221,4
1222,5
1223,1
1224,1
1225,1
1226,5
1227,5
1228,1
1229,5
1230,4
1231,1
1232,1
1233,4
1234,5
1235,1
1236,5
1237,3
1238,4
1239,5
1240,1
1241,5
1242,1
1243,1
1244,2
1245,5
1246,3
1247,5
1248,5
1249,5
1250,4
1251,4
1252,5
1253,3
1254,1
1255,1
1256,2
1257,5
1258,1
1259,3
1260,1
1261,5
1262,4
1263,5
1264,1
1265,5
1266,2
1267,1
1268,5
1269,5
1270,1
1271,1
1272,5
1273,1
1274,4
1275,5
1276,2
1277,1
1278,1
1279,4
1280,2
1281,1
1282,1
1283,5
1284,5
1285,5
1286,1
1287,5
1288,1
1289,1
1290,5
1291,5
1292,1
1293,4
1294,3
1295,5
1296,1
1297,1
1298,5
1299,4
1300,1
1301,1
1302,5
1303,2
1304,1
1305,1
1306,5
1307,5
1308,1
1309,3
1310,4
1311,3
1312,5
1313,1
1314,1
1315,1
1316,5
1317,1
1318,1
1319,1
1320,5
1321,5
1322,4
1323,3
1324,1
1325,1
1326,2
1327,5
1328,1
1329,1
1330,1
1331,4
1332,4
1333,5
1334,5
1335,4
1336,1
1337,1
1338,3
1339,1
1340,1
1341,3
1342,5
1343,5
1344,1
1345,1
1346,5
1347,1
1348,1
1349,5
1350,5
1351,1
1352,5
1353,1
1354,5
1355,5
1356,4
1357,1
1358,5
1359,5
1360,5
1361,1
1362,5
1363,5
1364,1
1365,1
1366,5
1367,2
1368,5
1369,4
1370,5
1371,3
1372,5
1373,3
1374,1
1375,1
1376,5
1377,3
1378,5
1379,1
1380,1
1381,1
1382,1
1383,1
1384,1
1385,5
1386,5
1387,1
1388,1
1389,4
1390,2
1391,5
1392,1
1393,3
1394,4
1395,3
1396,1
1397,1
1398,1
1399,5
1400,5
1401,1
1402,1
1403,1
1404,5
1405,5
1406,5
1407,1
1408,1
1409,3
1410,3
1411,4
1412,5
1413,1
1414,1
1415,1
1416,1
1417,1
1418,2
1419,5
1420,5
1421,1
1422,1
1423,3
1424,1
1425,4
1426,5
1427,1
1428,1
1429,1
1430,1
1431,1
1432,4
1433,1
1434,5
1435,5
1436,1
1437,1
1438,5
1439,1
1440,5
1441,1
1442,1
1443,5
1444,1
1445,1
1446,1
1447,5
1448,5
1449,1
1450,5
1451,5
1452,5
1453,5
1454,1
1455,4
1456,5
1457,2
1458,4
1459,5
1460,5
1461,5
1462,5
1463,5
1464,3
1465,2
1466,1
1467,1
1468,5
1469,1
1470,5
1471,1
1472,1
1473,5
1474,1
1475,5
1476,1
1477,5
1478,5
1479,1
1480,3
1481,5
1482,5
1483,4
1484,1
1485,1
1486,1
1487,1
1488,1
1489,5
1490,4
1491,5
1492,1
1493,4
1494,1
1495,5
1496,5
1497,5
1498,3
1499,1
1500,5
1501,5
1502,5
1503,4
1504,5
1505,3
1506,1
1507,1
1508,5
1509,1
1510,1
1511,1
1512,2
1513,1
1514,5
1515,1
1516,4
1517,5
1518,1
1519,4
1520,5
1521,1
1522,5
1523,1
1524,5
1525,1
1526,4
1527,5
1528,1
1529,1
1530,4
1531,1
1532,4
1533,5
1534,4
1535,1
1536,1
1537,5
1538,1
1539,1
1540,5
1541,5
1542,1
1543,1
1544,1
1545,2
1546,5
1547,5
1548,5
1549,1
1550,3
1551,1
1552,5
1553,5
1554,5
1555,4
1556,5
1557,1
1558,1
1559,2
1560,3
1561,4
1562,1
1563,2
1564,4
1565,2
1566,5
1567,3
1568,1
1569,5
1570,3
1571,5
1572,1
1573,4
1574,3
1575,5
1576,1
1577,1
1578,1
1579,1
1580,1
1581,5
1582,5
1583,5
1584,1
1585,1
1586,1
1587,4
1588,5
1589,4
1590,5
1591,1
1592,5
1593,1
1594,5
1595,5
1596,1
1597,5
1598,1
1599,5
1600,1
1601,2
1602,5
1603,4
1604,5
1605,1
1606,1
1607,1
1608,5
1609,4
1610,3
1611,1
1612,5
1613,1
1614,4
1615,1
1616,5
1617,1
1618,5
1619,5
1620,1
1621,1
1622,4
1623,1
1624,5
1625,1
1626,1
1627,5
1628,2
1629,1
1630,5
1631,1
1632,5
1633,5
1634,1
1635,5
1636,1
1637,2
1638,3
1639,4
1640,5
1641,5
1642,3
1643,5
1644,1
1645,3
1646,5
1647,5
1648,5
1649,1
1650,3
1651,5
1652,5
1653,3
1654,5
1655,5
1656,3
1657,4
1658,1
1659,5
1660,5
1661,1
1662,3
1663,1
1664,1
1665,5
1666,1
1667,1
1668,1
1669,5
1670,1
1671,4
1672,1
1673,1
1674,4
1675,4
1676,5
1677,5
1678,5
1679,5
1680,5
1681,1
1682,5
1683,5
1684,5
1685,1
1686,1
1687,5
1688,3
1689,4
1690,1
1691,2
1692,5
1693,5
1694,5
1695,1
1696,2
1697,1
1698,1
1699,1
1700,4
1701,1
1702,5
1703,4
1704,4
1705,1
1706,1
1707,1
1708,5
1709,5
1710,1
1711,5
1712,4
1713,5
1714,2
1715,1
1716,1
1717,4
1718,5
1719,1
1720,4
1721,5
1722,3
1723,1
1724,1
1725,5
1726,1
1727,4
1728,5
1729,1
1730,1
1731,4
1732,1
1733,1
1734,4
1735,4
1736,1
1737,5
1738,5
1739,4
1740,3
1741,4
1742,1
1743,1
1744,4
1745,1
1746,1
1747,5
1748,4
1749,5
1750,1
1751,3
1752,1
1753,5
1754,1
1755,1
1756,1
1757,1
1758,5
1759,1
1760,3
1761,5
1762,1
1763,5
1764,1
1765,5
1766,5
1767,4
1768,4
1769,1
1770,5
1771,5
1772,5
1773,1
1774,1
1775,5
1776,5
1777,1
1778,5
1779,1
1780,5
1781,1
1782,4
1783,4
1784,3
1785,4
1786,3
1787,5
1788,3
1789,1
1790,1
1791,1
1792,5
1793,5
1794,5
1795,1
1796,1
1797,5
1798,1
1799,5
1800,1
1801,1
1802,5
1803,1
1804,5
1805,1
1806,3
1807,3
1808,1
1809,5
1810,5
1811,5
1812,1
1813,3
1814,5
1815,4
1816,1
1817,5
1818,1
1819,5
1820,4
1821,2
1822,5
1823,1
1824,1
1825,4
1826,4
1827,1
1828,1
1829,1
1830,5
1831,4
1832,3
1833,1
1834,1
1835,4
1836,3
1837,1
1838,1
1839,1
1840,1
1841,5
1842,1
1843,5
1844,5
1845,5
1846,2
1847,5
1848,1
1849,4
1850,5
1851,4
1852,1
1853,5
1854,5
1855,1
1856,4
1857,5
1858,3
1859,1
1860,5
1861,5
1862,1
1863,1
1864,5
1865,2
1866,1
1867,5
1868,1
1869,5
1870,4
1871,5
1872,1
1873,5
1874,3
1875,5
1876,1
1877,5
1878,5
1879,5
1880,5
1881,4
1882,1
1883,1
1884,1
1885,1
1886,1
1887,1
1888,5
1889,5
1890,1
1891,5
1892,4
1893,1
1894,3
1895,4
1896,4
1897,1
1898,5
1899,3
1900,1
1901,1
1902,5
1903,4
1904,1
1905,1
1906,4
1907,1
1908,1
1909,1
1910,4
1911,4
1912,4
1913,5
1914,1
1915,5
1916,1
1917,2
1918,1
1919,5
1920,2
1921,1
1922,5
1923,1
1924,5
1925,5
1926,5
1927,1
1928,5
1929,1
1930,1
1931,5
1932,1
1933,4
1934,5
1935,1
1936,1
1937,1
1938,1
1939,1
1940,1
1941,1
1942,1
1943,3
1944,5
1945,1
1946,1
1947,1
1948,1
1949,2
1950,5
1951,4
1952,1
1953,1
1954,1
1955,1
1956,1
1957,5
1958,1
1959,1
1960,3
1961,5
1962,5
1963,5
1964,4
1965,5
1966,3
1967,1
1968,1
1969,5
1970,1
1971,5
1972,5
1973,1
1974,5
1975,4
1976,1
1977,5
1978,1
1979,1
1980,5
1981,5
1982,5
1983,1
1984,1
1985,1
1986,5
1987,1
1988,1
1989,5
1990,5
1991,5
1992,1
1993,1
1994,5
1995,4
1996,1
1997,3
1998,2
1999,1
2000,2
2001,4
2002,3
2003,1
2004,1
2005,5
2006,5
2007,1
2008,5
2009,1
2010,1
2011,1
2012,1
2013,5
2014,1
2015,5
2016,5
2017,1
2018,5
2019,5
2020,1
2021,1
2022,5
2023,1
2024,1
2025,1
2026,5
2027,1
2028,4
2029,3
2030,1
2031,4
2032,1
2033,1
2034,5
2035,3
2036,3
2037,4
2038,5
2039,4
2040,3
2041,3
2042,2
2043,1
2044,1
2045,1
2046,5
2047,1
2048,3
2049,5
2050,5
2051,5
2052,5
2053,1
2054,1
2055,1
2056,5
2057,4
2058,5
2059,5
2060,1
2061,5
2062,4
2063,1
2064,5
2065,1
2066,5
2067,1
2068,1
2069,5
2070,5
2071,1
2072,1
2073,5
2074,5
2075,5
2076,5
2077,1
2078,1
2079,1
2080,5
2081,5
2082,1
2083,1
2084,1
2085,1
2086,1
2087,5
2088,1
2089,1
2090,1
2091,5
2092,1
2093,1
2094,1
2095,1
2096,5
2097,3
2098,1
2099,5
2100,5
2101,5
2102,3
2103,4
2104,1
2105,1
2106,3
2107,3
2108,1
2109,1
2110,1
2111,5
2112,1
2113,5
2114,1
2115,1
2116,3
2117,5
2118,1
2119,1
2120,5
2121,1
2122,5
2123,4
2124,3
2125,5
2126,1
2127,5
2128,1
2129,3
2130,1
2131,1
2132,4
2133,5
2134,1
2135,1
2136,5
2137,1
2138,5
2139,5
2140,5
2141,5
2142,4
2143,1
2144,5
2145,5
2146,5
2147,5
2148,1
2149,5
2150,3
2151,5
2152,5
2153,1
2154,5
2155,1
2156,1
2157,1
2158,1
2159,3
2160,5
2161,1
2162,1
2163,5
2164,1
2165,1
2166,5
2167,1
2168,5
2169,5
2170,5
2171,5
2172,5
2173,5
2174,2
2175,1
2176,4
2177,4
2178,2
2179,3
2180,2
2181,1
2182,5
2183,1
2184,4
2185,5
2186,3
2187,3
2188,5
2189,1
2190,4
2191,5
2192,5
2193,5
2194,5
2195,1
2196,5
2197,5
2198,5
2199,5
2200,1
2201,3
2202,5
2203,4
2204,1
2205,1
2206,1
2207,5
2208,1
2209,1
2210,1
2211,5
2212,3
2213,2
2214,1
2215,4
2216,5
2217,5
2218,1
2219,3
2220,5
2221,5
2222,5
2223,1
2224,1
2225,1
2226,5
2227,5
2228,5
2229,1
2230,4
2231,1
2232,5
2233,3
2234,1
2235,5
2236,5
2237,1
2238,1
2239,1
2240,5
2241,5
2242,5
2243,1
2244,2
2245,5
2246,4
2247,1
2248,5
2249,1
2250,1
2251,1
2252,1
2253,1
2254,1
2255,1
2256,5
2257,1
2258,3
2259,1
2260,1
2261,1
2262,5
2263,4
2264,5
2265,1
2266,1
2267,3
2268,5
2269,1
2270,5
2271,5
2272,5
2273,3
2274,1
2275,3
2276,1
2277,3
2278,1
2279,3
2280,5
2281,1
2282,5
2283,5
2284,5
2285,2
2286,1
2287,1
2288,2
2289,3
2290,3
2291,4
2292,1
2293,1
2294,5
2295,5
2296,1
2297,5
2298,1
2299,1
2300,5
2301,1
2302,1
2303,4
2304,3
2305,1
2306,5
2307,5
2308,1
2309,1
2310,5
2311,3
2312,3
2313,1
2314,4
2315,3
2316,1
2317,5
2318,5
2319,5
2320,5
2321,1
2322,4
2323,1
2324,1
2325,5
2326,4
2327,1
2328,5
2329,5
2330,5
2331,1
2332,1
2333,1
2334,5
2335,1
2336,3
2337,1
2338,1
2339,4
2340,3
2341,1
2342,2
2343,5
2344,1
2345,1
2346,5
2347,5
2348,5
2349,5
2350,1
2351,5
2352,5
2353,5
2354,5
2355,4
2356,1
2357,1
2358,1
2359,5
2360,1
2361,5
2362,1
2363,5
2364,4
2365,1
2366,1
2367,4
2368,5
2369,2
2370,5
2371,5
2372,1
2373,5
2374,5
2375,1
2376,5
2377,5
2378,3
2379,5
2380,1
2381,1
2382,1
2383,1
2384,1
2385,1
2386,1
2387,5
2388,5
2389,1
2390,5
2391,4
2392,3
2393,5
2394,1
2395,3
2396,2
2397,1
2398,5
2399,1
2400,1
2401,2
2402,5
2403,1
2404,4
2405,4
2406,1
2407,3
2408,5
2409,1
2410,1
2411,1
2412,2
2413,5
2414,1
2415,1
2416,1
2417,5
2418,5
2419,4
2420,1
2421,5
2422,1
2423,1
2424,4
2425,1
2426,3
2427,2
2428,5
2429,1
2430,5
2431,4
2432,2
2433,5
2434,4
2435,5
2436,5
2437,1
2438,5
2439,5
2440,4
2441,3
2442,1
2443,1
2444,1
2445,1
2446,1
2447,5
2448,1
2449,1
2450,2
2451,1
2452,1
2453,5
2454,5
2455,3
2456,4
2457,5
2458,1
2459,1
2460,1
2461,5
2462,5
2463,1
2464,1
2465,1
2466,1
2467,5
2468,4
2469,1
2470,4
2471,2
2472,5
2473,1
2474,4
2475,1
2476,4
2477,5
2478,1
2479,1
2480,5
2481,4
2482,5
2483,5
2484,1
2485,1
2486,5
2487,1
2488,1
2489,5
2490,5
2491,5
2492,5
2493,5
2494,1
2495,1
2496,1
2497,5
2498,2
2499,5
2500,1
2501,5
2502,3
2503,5
2504,5
2505,1
2506,5
2507,1
2508,5
2509,5
2510,5
2511,5
2512,1
2513,5
2514,5
2515,1
2516,4
2517,1
2518,1
2519,5
2520,5
2521,5
2522,1
2523,5
2524,1
2525,1
2526,1
2527,5
2528,1
2529,3
2530,1
2531,5
2532,1
2533,5
2534,5
2535,1
2536,5
2537,3
2538,5
2539,3
2540,5
2541,5
2542,5
2543,2
2544,1
2545,4
2546,5
2547,4
2548,5
2549,1
2550,5
2551,5
2552,1
2553,5
2554,1
2555,1
2556,1
2557,3
2558,2
2559,4
2560,5
2561,5
2562,5
2563,5
2564,1
2565,1
2566,4
2567,5
2568,5
2569,1
2570,2
2571,3
2572,3
2573,5
2574,1
2575,1
2576,1
2577,5
2578,1
2579,1
2580,5
2581,1
2582,1
2583,4
2584,4
2585,5
2586,1
2587,5
2588,5
2589,2
2590,5
2591,1
2592,5
2593,4
2594,1
2595,5
2596,5
2597,5
2598,5
2599,1
2600,5
2601,4
2602,4
2603,2
2604,5
2605,2
2606,1
2607,5
2608,1
2609,3
2610,3
2611,1
2612,5
2613,4
2614,1
2615,4
2616,5
2617,5
2618,3
2619,5
2620,4
2621,5
2622,5
2623,1
2624,5
2625,1
2626,1
2627,1
2628,5
2629,1
2630,3
2631,5
2632,1
2633,1
2634,1
2635,4
2636,1
2637,1
2638,3
2639,5
2640,3
2641,5
2642,5
2643,5
2644,1
2645,5
2646,2
2647,5
2648,2
2649,1
2650,1
2651,1
2652,1
2653,5
2654,1
2655,2
2656,5
2657,1
2658,1
2659,1
2660,1
2661,5
2662,5
2663,5
2664,5
2665,4
2666,5
2667,5
2668,5
2669,1
2670,5
2671,2
2672,5
2673,1
2674,4
2675,5
2676,1
2677,4
2678,5
2679,5
2680,3
2681,1
2682,4
2683,1
2684,5
2685,3
2686,5
2687,5
2688,1
2689,5
2690,3
2691,5
2692,1
2693,5
2694,1
2695,5
2696,5
2697,4
2698,3
2699,4
2700,5
2701,5
2702,1
2703,1
2704,4
2705,5
2706,5
2707,3
2708,3
2709,1
2710,3
2711,5
2712,1
2713,1
2714,5
2715,1
2716,1
2717,5
2718,5
2719,5
2720,5
2721,1
2722,5
2723,1
2724,3
2725,2
2726,4
2727,4
2728,5
2729,5
2730,5
2731,5
2732,5
2733,5
2734,5
2735,5
2736,1
2737,1
2738,4
2739,5
2740,5
2741,2
2742,4
2743,1
2744,1
2745,3
2746,1
2747,5
2748,4
2749,1
2750,5
2751,1
2752,1
2753,5
2754,3
2755,5
2756,5
2757,5
2758,1
2759,2
2760,1
2761,4
2762,1
2763,5
2764,4
2765,1
2766,1
2767,1
2768,1
2769,1
2770,1
2771,1
2772,1
2773,1
2774,3
2775,1
2776,1
2777,1
2778,1
2779,4
2780,5
2781,2
2782,1
2783,5
2784,1
2785,1
2786,4
2787,4
2788,1
2789,1
2790,1
2791,5
2792,1
2793,5
2794,1
2795,1
2796,5
2797,1
2798,5
2799,4
2800,4
2801,1
2802,4
2803,1
2804,4
2805,5
2806,1
2807,5
2808,1
2809,1
2810,1
2811,3
2812,4
2813,1
2814,3
2815,3
2816,5
2817,5
2818,4
2819,4
2820,5
2821,5
2822,4
2823,1
2824,5
2825,1
2826,5
2827,1
2828,3
2829,5
2830,4
2831,5
2832,1
2833,1
2834,4
2835,3
2836,5
2837,2
2838,5
2839,4
2840,5
2841,3
2842,1
2843,2
2844,1
2845,5
2846,4
2847,4
2848,4
2849,5
2850,5
2851,5
2852,1
2853,5
2854,5
2855,4
2856,1
2857,5
2858,3
2859,4
2860,2
2861,5
2862,1
2863,3
2864,4
2865,4
2866,1
2867,5
2868,1
2869,5
2870,1
2871,1
2872,1
2873,5
2874,2
2875,4
2876,5
2877,5
2878,1
2879,5
2880,3
2881,5
2882,1
2883,1
2884,1
2885,4
2886,4
2887,3
2888,1
2889,5
2890,1
2891,3
2892,5
2893,5
2894,3
2895,5
2896,5
2897,1
2898,1
2899,1
2900,1
2901,5
2902,1
2903,1
2904,1
2905,1
2906,5
2907,5
2908,1
2909,5
2910,5
2911,5
2912,2
2913,5
2914,1
2915,1
2916,5
2917,4
2918,1
2919,1
2920,3
2921,1
2922,3
2923,5
2924,1
2925,5
2926,1
2927,4
2928,3
2929,5
2930,1
2931,1
2932,5
2933,1
2934,5
2935,1
2936,5
2937,5
2938,5
2939,5
2940,5
2941,1
2942,3
2943,5
2944,3
2945,5
2946,1
2947,1
2948,1
2949,1
2950,5
2951,1
2952,1
2953,2
2954,3
2955,1
2956,4
2957,2
2958,1
2959,1
2960,5
2961,5
2962,4
2963,5
2964,5
2965,5
2966,1
2967,3
2968,3
2969,2
2970,4
2971,5
2972,1
2973,5
2974,1
2975,1
2976,1
2977,1
2978,1
2979,1
2980,1
2981,5
2982,3
2983,1
2984,5
2985,1
2986,2
2987,4
2988,5
2989,1
2990,2
2991,4
2992,1
2993,5
2994,5
2995,5
2996,1
2997,1
2998,2
2999,5
3000,5
3001,1
3002,1
3003,4
3004,4
3005,1
3006,1
3007,5
3008,2
3009,5
3010,1
3011,3
3012,1
3013,3
3014,1
3015,5
3016,1
3017,1
3018,5
3019,5
3020,1
3021,1
3022,4
3023,1
3024,1
3025,3
3026,1
3027,1
3028,3
3029,4
3030,5
3031,5
3032,5
3033,1
3034,5
3035,5
3036,4
3037,5
3038,5
3039,5
3040,5
3041,5
3042,5
3043,2
3044,1
3045,5
3046,1
3047,5
3048,1
3049,1
3050,5
3051,3
3052,1
3053,5
3054,1
3055,5
3056,5
3057,5
3058,1
3059,4
3060,5
3061,1
3062,1
3063,3
3064,1
3065,3
3066,5
3067,5
3068,5
3069,5
3070,1
3071,5
3072,1
3073,3
3074,4
3075,1
3076,5
3077,5
3078,1
3079,5
3080,5
3081,1
3082,4
3083,1
3084,1
3085,1
3086,1
3087,1
3088,2
3089,5
3090,5
3091,4
3092,1
3093,1
3094,3
3095,3
3096,5
3097,5
3098,2
3099,1
3100,3
3101,5
3102,1
3103,1
3104,5
3105,5
3106,4
3107,5
3108,4
3109,1
3110,1
3111,5
3112,5
3113,5
3114,1
3115,3
3116,5
3117,1
3118,1
3119,1
3120,4
3121,4
3122,5
3123,5
3124,5
3125,5
3126,1
3127,1
3128,5
3129,5
3130,4
3131,1
3132,4
3133,1
3134,5
3135,3
3136,4
3137,4
3138,4
3139,1
3140,5
3141,3
3142,1
3143,5
3144,1
3145,1
3146,1
3147,5
3148,1
3149,5
3150,5
3151,5
3152,1
3153,3
3154,1
3155,1
3156,1
3157,5
3158,3
3159,5
3160,4
3161,1
3162,1
3163,5
3164,1
3165,1
3166,1
3167,1
3168,5
3169,4
3170,1
3171,1
3172,4
3173,5
3174,1
3175,4
3176,5
3177,5
3178,1
3179,4
3180,5
3181,5
3182,1
3183,1
3184,5
3185,5
3186,5
3187,1
3188,4
3189,4
3190,5
3191,4
3192,5
3193,5
3194,1
3195,1
3196,5
3197,5
3198,1
3199,1
3200,5
3201,5
3202,3
3203,1
3204,5
3205,1
3206,1
3207,1
3208,5
3209,5
3210,5
3211,1
3212,4
3213,4
3214,4
3215,1
3216,1
3217,5
3218,1
3219,4
3220,5
3221,5
3222,5
3223,4
3224,1
3225,2
3226,5
3227,5
3228,5
3229,5
3230,5
3231,5
3232,1
3233,1
3234,1
3235,1
3236,1
3237,1
3238,5
3239,1
3240,5
3241,1
3242,1
3243,1
3244,5
3245,1
3246,5
3247,1
3248,3
3249,1
3250,1
3251,1
3252,3
3253,3
3254,1
3255,5
3256,1
3257,4
3258,3
3259,4
3260,1
3261,1
3262,1
3263,1
3264,1
3265,5
3266,4
3267,1
3268,1
3269,3
3270,1
3271,1
3272,4
3273,1
3274,5
3275,1
3276,5
3277,1
3278,5
3279,4
3280,2
3281,5
3282,1
3283,5
3284,1
3285,5
3286,5
3287,1
3288,1
3289,3
3290,1
3291,5
3292,1
3293,5
3294,1
3295,5
3296,1
3297,1
3298,5
3299,5
3300,3
3301,5
3302,1
3303,1
3304,5
3305,3
3306,3
3307,1
3308,5
3309,5
3310,5
3311,5
3312,1
3313,5
3314,5
3315,1
3316,1
3317,1
3318,5
3319,5
3320,1
3321,1
3322,4
3323,5
3324,5
3325,5
3326,1
3327,3
3328,1
3329,5
3330,1
3331,4
3332,1
3333,5
3334,5
3335,1
3336,5
3337,5
3338,5
3339,1
3340,3
3341,4
3342,5
3343,2
3344,5
3345,1
3346,5
3347,1
3348,5
3349,5
3350,1
3351,3
3352,5
3353,3
3354,2
3355,4
3356,4
3357,1
3358,4
3359,5
3360,1
3361,3
3362,5
3363,1
3364,5
3365,1
3366,1
3367,1
3368,1
3369,5
3370,4
3371,4
3372,1
3373,1
3374,3
3375,1
3376,1
3377,1
3378,3
3379,5
3380,1
3381,5
3382,5
3383,1
3384,1
3385,4
3386,5
3387,1
3388,5
3389,2
3390,3
3391,1
3392,2
3393,3
3394,1
3395,1
3396,5
3397,1
3398,2
3399,5
3400,4
3401,1
3402,5
3403,5
3404,5
3405,1
3406,2
3407,5
3408,1
3409,1
3410,1
3411,1
3412,5
3413,5
3414,5
3415,1
3416,5
3417,5
3418,3
3419,1
3420,3
3421,5
3422,1
3423,5
3424,1
3425,4
3426,3
3427,5
3428,1
3429,5
3430,5
3431,5
3432,1
3433,1
3434,5
3435,1
3436,5
3437,3
3438,5
3439,5
3440,1
3441,1
3442,5
3443,5
3444,5
3445,1
3446,3
3447,1
3448,1
3449,5
3450,4
3451,5
3452,5
3453,5
3454,1
3455,3
3456,3
3457,1
3458,1
3459,5
3460,5
3461,5
3462,2
3463,1
3464,4
3465,1
3466,1
3467,5
3468,1
3469,4
3470,4
3471,1
3472,5
3473,1
3474,5
3475,4
3476,1
3477,5
3478,5
3479,4
3480,5
3481,5
3482,5
3483,5
3484,1
3485,4
3486,5
3487,3
3488,4
3489,5
3490,1
3491,5
3492,1
3493,4
3494,5
3495,5
3496,5
3497,3
3498,5
3499,1
3500,5
3501,1
3502,1
3503,4
3504,5
3505,1
3506,1
3507,5
3508,1
3509,5
3510,5
3511,5
3512,4
3513,1
3514,3
3515,5
3516,2
3517,4
3518,5
3519,5
3520,5
3521,5
3522,1
3523,5
3524,5
3525,1
3526,5
3527,1
3528,1
3529,5
3530,1
3531,5
3532,5
3533,5
3534,5
3535,5
3536,1
3537,1
3538,4
3539,2
3540,5
3541,1
3542,5
3543,5
3544,5
3545,1
3546,1
3547,5
3548,5
3549,5
3550,3
3551,5
3552,4
3553,5
3554,1
3555,1
3556,1
3557,5
3558,1
3559,5
3560,5
3561,1
3562,3
3563,5
3564,5
3565,1
3566,1
3567,1
3568,5
3569,5
3570,1
3571,1
3572,1
3573,3
3574,2
3575,1
3576,3
3577,5
3578,4
3579,1
3580,1
3581,4
3582,5
3583,5
3584,5
3585,1
3586,1
3587,5
3588,1
3589,5
3590,2
3591,5
3592,5
3593,1
3594,1
3595,2
3596,5
3597,1
3598,5
3599,1
3600,1
3601,1
3602,1
3603,1
3604,1
3605,4
3606,5
3607,5
3608,4
3609,1
3610,5
3611,1
3612,1
3613,1
3614,1
3615,5
3616,1
3617,5
3618,1
3619,3
3620,3
3621,4
3622,5
3623,5
3624,5
3625,1
3626,1
3627,5
3628,5
3629,5
3630,3
3631,1
3632,5
3633,5
3634,4
3635,5
3636,5
3637,4
3638,5
3639,1
3640,5
3641,1
3642,5
3643,5
3644,5
3645,1
3646,2
3647,5
3648,4
3649,1
3650,1
3651,1
3652,1
3653,1
3654,1
3655,5
3656,4
3657,1
3658,1
3659,1
3660,5
3661,5
3662,4
3663,5
3664,1
3665,5
3666,5
3667,1
3668,1
3669,5
3670,1
3671,1
3672,2
3673,1
3674,5
3675,4
3676,5
3677,1
3678,1
3679,5
3680,5
3681,1
3682,3
3683,1
3684,3
3685,5
3686,5
3687,5
3688,2
3689,5
3690,3
3691,4
3692,1
3693,1
3694,5
3695,4
3696,5
3697,3
3698,5
3699,4
3700,4
3701,5
3702,1
3703,5
3704,3
3705,3
3706,5
3707,1
3708,5
3709,5
3710,1
3711,5
3712,1
3713,5
3714,5
3715,5
3716,5
3717,1
3718,1
3719,3
3720,5
3721,5
3722,5
3723,3
3724,5
3725,5
3726,1
3727,1
3728,5
3729,5
3730,5
3731,5
3732,5
3733,5
3734,5
3735,1
3736,5
3737,1
3738,5
3739,1
3740,1
3741,5
3742,1
3743,2
3744,4
3745,1
3746,1
3747,5
3748,4
3749,1
3750,5
3751,5
3752,1
3753,5
3754,5
3755,1
3756,1
3757,5
3758,3
3759,5
3760,5
3761,3
3762,1
3763,3
3764,4
3765,1
3766,1
3767,5
3768,3
3769,1
3770,1
3771,1
3772,5
3773,1
3774,1
3775,1
3776,3
3777,1
3778,1
3779,5
3780,1
3781,5
3782,5
3783,1
3784,5
3785,1
3786,1
3787,5
3788,1
3789,5
3790,1
3791,5
3792,3
3793,1
3794,5
3795,3
3796,5
3797,1
3798,3
3799,3
3800,1
3801,1
3802,4
3803,3
3804,5
3805,5
3806,5
3807,5
3808,2
3809,5
3810,5
3811,1
3812,5
3813,1
3814,5
3815,5
3816,5
3817,4
3818,1
3819,1
3820,5
3821,1
3822,4
3823,1
3824,1
3825,3
3826,3
3827,1
3828,5
3829,4
3830,5
3831,1
3832,5
3833,5
3834,5
3835,4
3836,4
3837,1
3838,5
3839,5
3840,3
3841,5
3842,4
3843,1
3844,1
3845,1
3846,1
3847,1
3848,1
3849,1
3850,4
3851,1
3852,5
3853,5
3854,5
3855,5
3856,1
3857,1
3858,3
3859,5
3860,5
3861,5
3862,5
3863,1
3864,1
3865,5
3866,4
3867,1
3868,5
3869,5
3870,1
3871,1
3872,1
3873,5
3874,5
3875,5
3876,4
3877,5
3878,1
3879,1
3880,1
3881,4
3882,1
3883,1
3884,1
3885,5
3886,1
3887,1
3888,1
3889,4
3890,1
3891,3
3892,1
3893,1
3894,5
3895,1
3896,1
3897,3
3898,1
3899,3
3900,1
3901,4
3902,1
3903,5
3904,1
3905,5
3906,1
3907,4
3908,5
3909,1
3910,1
3911,4
3912,4
3913,5
3914,5
3915,4
3916,3
3917,3
3918,2
3919,1
3920,4
3921,1
3922,4
3923,5
3924,4
3925,4
3926,1
3927,1
3928,1
3929,5
3930,4
3931,5
3932,5
3933,1
3934,3
3935,1
3936,5
3937,4
3938,5
3939,2
3940,3
3941,1
3942,5
3943,5
3944,1
3945,1
3946,1
3947,1
3948,1
3949,1
3950,4
3951,1
3952,1
3953,1
3954,5
3955,1
3956,4
3957,1
3958,5
3959,5
3960,5
3961,1
3962,3
3963,5
3964,4
3965,5
3966,5
3967,3
3968,1
3969,3
3970,3
3971,2
3972,1
3973,1
3974,1
3975,2
3976,5
3977,5
3978,5
3979,4
3980,1
3981,1
3982,5
3983,5
3984,5
3985,5
3986,1
3987,3
3988,2
3989,1
3990,1
3991,5
3992,3
3993,1
3994,1
3995,1
3996,4
3997,5
3998,5
3999,1
4000,5
4001,4
4002,5
4003,1
4004,5
4005,3
4006,1
4007,5
4008,4
4009,4
4010,1
4011,4
4012,3
4013,1
4014,4
4015,1
4016,4
4017,5
4018,3
4019,1
4020,1
4021,3
4022,1
4023,3
4024,5
4025,1
4026,1
4027,5
4028,5
4029,1
4030,5
4031,1
4032,1
4033,1
4034,3
4035,1
4036,1
4037,5
4038,5
4039,4
4040,5
4041,3
4042,3
4043,5
4044,1
4045,5
4046,1
4047,5
4048,1
4049,5
4050,5
4051,4
4052,4
4053,4
4054,1
4055,5
4056,5
4057,3
4058,4
4059,5
4060,2
4061,1
4062,1
4063,1
4064,1
4065,1
4066,5
4067,3
4068,4
4069,5
4070,5
4071,5
4072,5
4073,5
4074,4
4075,1
4076,1
4077,5
4078,1
4079,5
4080,5
4081,1
4082,5
4083,1
4084,5
4085,1
4086,1
4087,5
4088,5
4089,5
4090,1
4091,5
4092,5
4093,5
4094,1
4095,1
4096,3
4097,1
4098,1
4099,4
4100,1
4101,3
4102,1
4103,5
4104,4
4105,3
4106,1
4107,1
4108,5
4109,1
4110,4
4111,5
4112,5
4113,5
4114,3
4115,5
4116,1
4117,1
4118,5
4119,5
4120,4
4121,3
4122,1
4123,1
4124,1
4125,5
4126,1
4127,1
4128,5
4129,5
4130,2
4131,2
4132,1
4133,1
4134,1
4135,5
4136,1
4137,1
4138,5
4139,5
4140,5
4141,4
4142,5
4143,1
4144,1
4145,1
4146,1
4147,1
4148,3
4149,1
4150,1
4151,5
4152,1
4153,1
4154,5
4155,5
4156,4
4157,3
4158,1
4159,1
4160,1
4161,1
4162,2
4163,1
4164,3
4165,1
4166,1
4167,5
4168,5
4169,4
4170,4
4171,3
4172,1
4173,1
4174,1
4175,1
4176,4
4177,2
4178,1
4179,1
4180,5
4181,3
4182,5
4183,5
4184,4
4185,5
4186,5
4187,1
4188,5
4189,4
4190,5
4191,2
4192,1
4193,1
4194,1
4195,2
4196,5
4197,4
4198,5
4199,5
4200,1
4201,5
4202,1
4203,4
4204,5
4205,5
4206,5
4207,5
4208,5
4209,5
4210,5
4211,3
4212,2
4213,5
4214,5
4215,1
4216,3
4217,1
4218,5
4219,5
4220,5
4221,4
4222,5
4223,5
4224,5
4225,1
4226,5
4227,1
4228,3
4229,5
4230,1
4231,1
4232,1
4233,1
4234,5
4235,1
4236,5
4237,4
4238,1
4239,3
4240,5
4241,1
4242,3
4243,5
4244,3
4245,4
4246,1
4247,3
4248,1
4249,1
4250,5
4251,5
4252,4
4253,1
4254,1
4255,4
4256,5
4257,4
4258,5
4259,1
4260,4
4261,1
4262,4
4263,5
4264,3
4265,5
4266,1
4267,5
4268,4
4269,5
4270,1
4271,5
4272,1
4273,1
4274,5
4275,1
4276,5
4277,5
4278,5
4279,5
4280,5
4281,5
4282,3
4283,5
4284,1
4285,3
4286,1
4287,5
4288,5
4289,1
4290,5
4291,5
4292,1
4293,5
4294,1
4295,1
4296,1
4297,5
4298,3
4299,1
4300,5
4301,5
4302,5
4303,5
4304,1
4305,5
4306,5
4307,3
4308,1
4309,5
4310,5
4311,1
4312,5
4313,2
4314,1
4315,5
4316,1
4317,4
4318,1
4319,1
4320,3
4321,5
4322,5
4323,1
4324,1
4325,5
4326,1
4327,5
4328,3
4329,4
4330,4
4331,5
4332,1
4333,5
4334,1
4335,3
4336,4
4337,1
4338,1
4339,1
4340,1
4341,5
4342,5
4343,5
4344,1
4345,1
4346,1
4347,5
4348,3
4349,5
4350,5
4351,1
4352,4
4353,1
4354,5
4355,5
4356,5
4357,4
4358,5
4359,4
4360,1
4361,3
4362,1
4363,4
4364,5
4365,3
4366,1
4367,5
4368,5
4369,4
4370,4
4371,5
4372,5
4373,5
4374,5
4375,1
4376,5
4377,1
4378,5
4379,1
4380,1
4381,5
4382,5
4383,1
4384,1
4385,5
4386,5
4387,5
4388,1
4389,1
4390,1
4391,5
4392,5
4393,1
4394,5
4395,5
4396,5
4397,5
4398,5
4399,5
4400,5
4401,5
4402,1
4403,2
4404,1
4405,5
4406,5
4407,5
4408,1
4409,5
4410,5
4411,1
4412,1
4413,3
4414,5
4415,4
4416,3
4417,5
4418,5
4419,4
4420,5
4421,1
4422,2
4423,1
4424,3
4425,1
4426,1
4427,5
4428,5
4429,1
4430,2
4431,4
4432,1
4433,5
4434,2
4435,5
4436,1
4437,4
4438,1
4439,2
4440,4
4441,1
4442,3
4443,1
4444,5
4445,5
4446,5
4447,5
4448,1
4449,5
4450,1
4451,5
4452,5
4453,5
4454,1
4455,2
4456,2
4457,1
4458,4
4459,1
4460,5
4461,1
4462,5
4463,5
4464,5
4465,1
4466,5
4467,1
4468,2
4469,5
4470,5
4471,3
4472,3
4473,4
4474,2
4475,5
4476,1
4477,5
4478,5
4479,5
4480,5
4481,5
4482,1
4483,1
4484,5
4485,3
4486,4
4487,1
4488,4
4489,5
4490,5
4491,1
4492,1
4493,1
4494,4
4495,5
4496,5
4497,4
4498,1
4499,1
4500,1
4501,1
4502,5
4503,5
4504,5
4505,1
4506,1
4507,5
4508,5
4509,5
4510,5
4511,5
4512,1
4513,5
4514,1
4515,5
4516,1
4517,5
4518,1
4519,5
4520,1
4521,1
4522,5
4523,5
4524,1
4525,5
4526,5
4527,2
4528,5
4529,2
4530,1
4531,3
4532,4
4533,1
4534,5
4535,1
4536,1
4537,1
4538,5
4539,3
4540,3
4541,1
4542,2
4543,4
4544,5
4545,5
4546,5
4547,4
4548,3
4549,1
4550,1
4551,1
4552,1
4553,2
4554,5
4555,5
4556,1
4557,1
4558,4
4559,1
4560,4
4561,5
4562,3
4563,3
4564,3
4565,5
4566,5
4567,5
4568,2
4569,3
4570,5
4571,5
4572,4
4573,1
4574,1
4575,5
4576,1
4577,5
4578,1
4579,5
4580,5
4581,1
4582,1
4583,5
4584,3
4585,3
4586,1
4587,4
4588,5
4589,5
4590,1
4591,3
4592,5
4593,1
4594,1
4595,3
4596,3
4597,4
4598,5
4599,1
4600,5
4601,4
4602,1
4603,1
4604,2
4605,1
4606,1
4607,1
4608,1
4609,4
4610,4
4611,5
4612,1
4613,5
4614,1
4615,5
4616,1
4617,2
4618,4
4619,5
4620,1
4621,1
4622,4
4623,1
4624,5
4625,1
4626,4
4627,1
4628,4
4629,5
4630,4
4631,1
4632,5
4633,5
4634,5
4635,5
4636,5
4637,1
4638,5
4639,5
4640,4
4641,1
4642,5
4643,1
4644,5
4645,1
4646,4
4647,1
4648,5
4649,1
4650,5
4651,1
4652,4
4653,5
4654,1
4655,1
4656,3
4657,2
4658,5
4659,4
4660,5
4661,1
4662,1
4663,1
4664,4
4665,3
4666,5
4667,1
4668,5
4669,5
4670,1
4671,5
4672,5
4673,5
4674,1
4675,5
4676,1
4677,2
4678,5
4679,5
4680,4
4681,5
4682,1
4683,1
4684,5
4685,1
4686,3
4687,5
4688,5
4689,4
4690,5
4691,1
4692,1
4693,5
4694,5
4695,5
4696,2
4697,1
4698,5
4699,1
4700,1
4701,5
4702,4
4703,5
4704,1
4705,1
4706,1
4707,1
4708,5
4709,1
4710,5
4711,5
4712,4
4713,5
4714,1
4715,5
4716,3
4717,5
4718,1
4719,3
4720,4
4721,1
4722,5
4723,3
4724,1
4725,1
4726,4
4727,1
4728,5
4729,3
4730,1
4731,3
4732,5
4733,5
4734,1
4735,5
4736,1
4737,5
4738,1
4739,5
4740,5
4741,3
4742,5
4743,5
4744,5
4745,1
4746,1
4747,2
4748,1
4749,1
4750,5
4751,3
4752,5
4753,5
4754,4
4755,5
4756,5
4757,1
4758,1
4759,5
4760,1
4761,5
4762,5
4763,1
4764,1
4765,3
4766,4
4767,1
4768,1
4769,4
4770,5
4771,3
4772,5
4773,5
4774,5
4775,1
4776,1
4777,1
4778,4
4779,5
4780,1
4781,5
4782,1
4783,1
4784,1
4785,1
4786,1
4787,1
4788,5
4789,5
4790,3
4791,5
4792,5
4793,3
4794,1
4795,4
4796,1
4797,1
4798,1
4799,4
4800,1
4801,5
4802,5
4803,5
4804,4
4805,1
4806,1
4807,5
4808,3
4809,1
4810,5
4811,5
4812,1
4813,5
4814,1
4815,1
4816,5
4817,1
4818,5
4819,3
4820,5
4821,3
4822,3
4823,5
4824,5
4825,2
4826,1
4827,1
4828,5
4829,1
4830,1
4831,5
4832,4
4833,5
4834,5
4835,3
4836,4
4837,5
4838,5
4839,4
4840,1
4841,1
4842,5
4843,1
4844,1
4845,5
4846,5
4847,1
4848,5
4849,5
4850,1
4851,4
4852,5
4853,5
4854,4
4855,4
4856,1
4857,4
4858,5
4859,5
4860,1
4861,3
4862,5
4863,5
4864,3
4865,5
4866,1
4867,5
4868,1
4869,1
4870,1
4871,5
4872,5
4873,1
4874,5
4875,2
4876,3
4877,5
4878,4
4879,1
4880,1
4881,3
4882,5
4883,1
4884,1
4885,1
4886,1
4887,5
4888,1
4889,1
4890,5
4891,5
4892,5
4893,4
4894,2
4895,2
4896,5
4897,5
4898,5
4899,1
4900,5
4901,1
4902,5
4903,5
4904,5
4905,1
4906,4
4907,5
4908,1
4909,5
4910,1
4911,5
4912,5
4913,4
4914,1
4915,4
4916,1
4917,5
4918,1
4919,3
4920,5
4921,1
4922,5
4923,1
4924,3
4925,4
4926,4
4927,1
4928,3
4929,5
4930,1
4931,1
4932,3
4933,5
4934,5
4935,1
4936,4
4937,3
4938,1
4939,5
4940,5
4941,5
4942,5
4943,1
4944,1
4945,3
4946,4
4947,5
4948,4
4949,4
4950,1
4951,5
4952,1
4953,1
4954,1
4955,1
4956,1
4957,1
4958,5
4959,3
4960,5
4961,3
4962,1
4963,4
4964,1
4965,3
4966,3
4967,3
4968,1
4969,5
4970,1
4971,1
4972,5
4973,1
4974,4
4975,5
4976,1
4977,4
4978,1
4979,1
4980,5
4981,5
4982,4
4983,1
4984,4
4985,1
4986,3
4987,5
4988,1
4989,1
4990,5
4991,5
4992,5
4993,1
4994,5
4995,5
4996,5
4997,1
4998,1
4999,5
5000,5
5001,5
5002,1
5003,5
5004,5
5005,1
5006,1
5007,1
5008,5
5009,1
5010,3
5011,4
5012,5
5013,4
5014,1
5015,4
5016,3
5017,4
5018,5
5019,5
5020,5
5021,5
5022,5
5023,3
5024,1
5025,5
5026,3
5027,2
5028,5
5029,5
5030,1
5031,5
5032,5
5033,5
5034,5
5035,1
5036,5
5037,4
5038,5
5039,5
5040,3
5041,4
5042,3
5043,5
5044,3
5045,5
5046,1
5047,1
5048,5
5049,5
5050,1
5051,4
5052,2
5053,1
5054,1
5055,5
5056,5
5057,5
5058,4
5059,2
5060,5
5061,1
5062,1
5063,3
5064,5
5065,5
5066,1
5067,4
5068,1
5069,5
5070,1
5071,1
5072,3
5073,5
5074,1
5075,1
5076,1
5077,1
5078,1
5079,1
5080,1
5081,5
5082,5
5083,5
5084,5
5085,5
5086,5
5087,4
5088,1
5089,1
5090,4
5091,5
5092,5
5093,3
5094,5
5095,1
5096,1
5097,1
5098,4
5099,4
5100,5
5101,5
5102,5
5103,5
5104,5
5105,5
5106,4
5107,1
5108,1
5109,1
5110,5
5111,5
5112,4
5113,4
5114,1
5115,1
5116,1
5117,1
5118,5
5119,5
5120,3
5121,5
5122,1
5123,5
5124,4
5125,3
5126,3
5127,5
5128,3
5129,1
5130,1
5131,4
5132,1
5133,5
5134,1
5135,5
5136,4
5137,1
5138,1
5139,5
5140,5
5141,1
5142,1
5143,1
5144,1
5145,4
5146,1
5147,5
5148,1
5149,5
5150,5
5151,4
5152,4
5153,2
5154,2
5155,5
5156,5
5157,5
5158,1
5159,4
5160,1
5161,1
5162,1
5163,5
5164,5
5165,5
5166,1
5167,5
5168,1
5169,5
5170,3
5171,5
5172,5
5173,5
5174,1
5175,5
5176,5
5177,2
5178,1
5179,5
5180,5
5181,1
5182,1
5183,4
5184,1
5185,1
5186,1
5187,5
5188,3
5189,1
5190,5
5191,3
5192,1
5193,5
5194,5
5195,3
5196,1
5197,4
5198,5
5199,1
5200,5
5201,1
5202,5
5203,5
5204,5
5205,5
5206,1
5207,3
5208,1
5209,5
5210,5
5211,5
5212,1
5213,5
5214,5
5215,4
5216,1
5217,1
5218,5
5219,4
5220,1
5221,2
5222,1
5223,5
5224,5
5225,5
5226,1
5227,2
5228,5
5229,4
5230,5
5231,4
5232,1
5233,5
5234,4
5235,1
5236,5
5237,1
5238,3
5239,5
5240,1
5241,5
5242,1
5243,1
5244,5
5245,5
5246,1
5247,2
5248,1
5249,1
5250,5
5251,4
5252,1
5253,1
5254,5
5255,1
5256,1
5257,5
5258,1
5259,5
5260,5
5261,5
5262,1
5263,5
5264,5
5265,4
5266,1
5267,3
5268,4
5269,1
5270,1
5271,1
5272,4
5273,5
5274,5
5275,5
5276,1
5277,1
5278,3
5279,5
5280,1
5281,1
5282,4
5283,3
5284,5
5285,4
5286,3
5287,5
5288,5
5289,5
5290,5
5291,5
5292,1
5293,5
5294,1
5295,1
5296,1
5297,5
5298,2
5299,5
5300,1
5301,4
5302,1
5303,1
5304,5
5305,1
5306,5
5307,5
5308,1
5309,1
5310,5
5311,4
5312,1
5313,1
5314,3
5315,5
5316,1
5317,5
5318,5
5319,5
5320,1
5321,3
5322,1
5323,5
5324,1
5325,3
5326,5
5327,3
5328,4
5329,3
5330,5
5331,2
5332,5
5333,1
5334,5
5335,5
5336,4
5337,1
5338,5
5339,1
5340,5
5341,1
5342,5
5343,5
5344,1
5345,4
5346,5
5347,1
5348,1
5349,5
5350,5
5351,1
5352,5
5353,5
5354,5
5355,4
5356,1
5357,5
5358,1
5359,5
5360,5
5361,5
5362,5
5363,5
5364,4
5365,1
5366,1
5367,1
5368,2
5369,1
5370,1
5371,1
5372,1
5373,1
5374,1
5375,3
5376,5
5377,5
5378,3
5379,1
5380,5
5381,5
5382,1
5383,5
5384,4
5385,5
5386,2
5387,5
5388,5
5389,4
5390,4
5391,4
5392,1
5393,1
5394,1
5395,1
5396,4
5397,3
5398,5
5399,3
5400,5
5401,5
5402,4
5403,5
5404,5
5405,5
5406,1
5407,5
5408,3
5409,3
5410,1
5411,3
5412,5
5413,2
5414,5
5415,1
5416,5
5417,5
5418,3
5419,5
5420,5
5421,5
5422,5
5423,3
5424,5
5425,5
5426,5
5427,1
5428,1
5429,1
5430,4
5431,3
5432,5
5433,4
5434,1
5435,1
5436,1
5437,3
5438,1
5439,5
5440,1
5441,2
5442,1
5443,3
5444,1
5445,1
5446,5
5447,5
5448,1
5449,1
5450,4
5451,5
5452,5
5453,5
5454,1
5455,3
5456,1
5457,2
5458,5
5459,3
5460,1
5461,2
5462,1
5463,1
5464,1
5465,3
5466,1
5467,3
5468,5
5469,1
5470,1
5471,1
5472,1
5473,1
5474,1
5475,1
5476,5
5477,1
5478,5
5479,4
5480,5
5481,1
5482,3
5483,5
5484,1
5485,1
5486,4
5487,1
5488,1
5489,5
5490,1
5491,5
5492,5
5493,1
5494,5
5495,5
5496,5
5497,4
5498,2
5499,1
5500,1
5501,5
5502,3
5503,4
5504,1
5505,5
5506,1
5507,3
5508,1
5509,1
5510,1
5511,3
5512,3
5513,3
5514,1
5515,5
5516,5
5517,3
5518,2
5519,1
5520,1
5521,1
5522,1
5523,5
5524,1
5525,3
5526,1
5527,1
5528,1
5529,5
5530,1
5531,5
5532,5
5533,5
5534,4
5535,1
5536,5
5537,5
5538,5
5539,1
5540,5
5541,5
5542,1
5543,4
5544,1
5545,5
5546,3
5547,1
5548,1
5549,5
5550,1
5551,1
5552,3
5553,5
5554,5
5555,4
5556,1
5557,5
5558,5
5559,1
5560,5
5561,1
5562,1
5563,3
5564,4
5565,5
5566,3
5567,3
5568,2
5569,5
5570,5
5571,4
5572,5
5573,1
5574,1
5575,5
5576,5
5577,1
5578,5
5579,3
5580,1
5581,5
5582,3
5583,1
5584,3
5585,3
5586,5
5587,1
5588,1
5589,3
5590,5
5591,5
5592,5
5593,3
5594,5
5595,1
5596,4
5597,1
5598,5
5599,1
5600,1
5601,5
5602,5
5603,4
5604,3
5605,5
5606,1
5607,4
5608,1
5609,5
5610,3
5611,4
5612,1
5613,2
5614,1
5615,5
5616,5
5617,1
5618,5
5619,5
5620,1
5621,5
5622,4
5623,1
5624,3
5625,4
5626,1
5627,4
5628,5
5629,4
5630,5
5631,5
5632,4
5633,5
5634,5
5635,1
5636,1
5637,3
5638,5
5639,1
5640,3
5641,5
5642,3
5643,3
5644,4
5645,5
5646,1
5647,1
5648,3
5649,1
5650,5
5651,1
5652,1
5653,2
5654,5
5655,5
5656,4
5657,1
5658,3
5659,1
5660,1
5661,1
5662,4
5663,5
5664,5
5665,3
5666,3
5667,1
5668,5
5669,1
5670,1
5671,1
5672,4
5673,3
5674,1
5675,1
5676,4
5677,1
5678,1
5679,2
5680,4
5681,4
5682,5
5683,4
5684,4
5685,3
5686,3
5687,5
5688,1
5689,1
5690,4
5691,4
5692,1
5693,5
5694,3
5695,5
5696,1
5697,5
5698,5
5699,1
5700,5
5701,5
5702,3
5703,3
5704,3
5705,1
5706,1
5707,1
5708,4
5709,5
5710,4
5711,1
5712,1
5713,1
5714,1
5715,4
5716,5
5717,5
5718,1
5719,3
5720,5
5721,4
5722,5
5723,2
5724,5
5725,1
5726,5
5727,5
5728,1
5729,1
5730,1
5731,1
5732,2
5733,5
5734,1
5735,5
5736,1
5737,2
5738,5
5739,1
5740,4
5741,5
5742,1
5743,5
5744,5
5745,3
5746,1
5747,5
5748,4
5749,1
5750,3
5751,5
5752,5
5753,5
5754,1
5755,5
5756,3
5757,4
5758,4
5759,2
5760,5
5761,1
5762,1
5763,1
5764,5
5765,1
5766,5
5767,1
5768,5
5769,1
5770,1
5771,5
5772,5
5773,1
5774,5
5775,5
5776,1
5777,5
5778,1
5779,5
5780,5
5781,5
5782,5
5783,5
5784,5
5785,3
5786,1
5787,1
5788,3
5789,5
5790,5
5791,1
5792,1
5793,5
5794,1
5795,5
5796,1
5797,3
5798,5
5799,1
5800,5
5801,1
5802,5
5803,5
5804,5
5805,1
5806,5
5807,1
5808,1
5809,1
5810,4
5811,4
5812,1
5813,5
5814,1
5815,5
5816,4
5817,1
5818,5
5819,5
5820,5
5821,1
5822,1
5823,1
5824,3
5825,5
5826,5
5827,5
5828,5
5829,2
5830,5
5831,5
5832,1
5833,1
5834,5
5835,1
5836,5
5837,3
5838,1
5839,3
5840,5
5841,5
5842,1
5843,4
5844,1
5845,5
5846,4
5847,4
5848,1
5849,1
5850,1
5851,5
5852,5
5853,3
5854,4
5855,5
5856,1
5857,5
5858,1
5859,5
5860,1
5861,5
5862,2
5863,5
5864,5
5865,4
5866,1
5867,5
5868,5
5869,4
5870,1
5871,5
5872,5
5873,3
5874,1
5875,1
5876,5
5877,1
5878,1
5879,5
5880,5
5881,1
5882,5
5883,1
5884,1
5885,1
5886,1
5887,4
5888,5
5889,1
5890,1
5891,1
5892,4
5893,5
5894,1
5895,5
5896,3
5897,5
5898,2
5899,4
5900,1
5901,5
5902,1
5903,4
5904,1
5905,1
5906,1
5907,1
5908,5
5909,5
5910,5
5911,4
5912,3
5913,3
5914,5
5915,1
5916,4
5917,3
5918,5
5919,4
5920,2
5921,3
5922,1
5923,1
5924,5
5925,3
5926,1
5927,1
5928,5
5929,1
5930,1
5931,5
5932,5
5933,5
5934,4
5935,5
5936,1
5937,5
5938,1
5939,4
5940,1
5941,1
5942,5
5943,4
5944,1
5945,5
5946,1
5947,5
5948,1
5949,1
5950,5
5951,1
5952,1
5953,3
5954,5
5955,5
5956,1
5957,4
5958,4
5959,5
5960,1
5961,1
5962,5
5963,1
5964,4
5965,1
5966,4
5967,1
5968,1
5969,5
5970,5
5971,1
5972,1
5973,1
5974,3
5975,1
5976,5
5977,1
5978,3
5979,5
5980,5
5981,1
5982,1
5983,1
5984,1
5985,5
5986,5
5987,5
5988,5
5989,1
5990,1
5991,1
5992,1
5993,4
5994,4
5995,1
5996,1
5997,1
5998,1
5999,1
6000,5
6001,5
6002,4
6003,1
6004,1
6005,1
6006,5
6007,5
6008,1
6009,4
6010,5
6011,1
6012,1
6013,5
6014,1
6015,5
6016,5
6017,1
6018,1
6019,4
6020,1
6021,5
6022,1
6023,5
6024,1
6025,5
6026,1
6027,5
6028,5
6029,5
6030,1
6031,5
6032,4
6033,4
6034,5
6035,1
6036,1
6037,2
6038,5
6039,3
6040,1
6041,5
6042,4
6043,3
6044,4
6045,5
6046,5
6047,1
6048,5
6049,1
6050,1
6051,1
6052,5
6053,5
6054,5
6055,1
6056,4
6057,1
6058,5
6059,1
6060,4
6061,5
6062,1
6063,5
6064,3
6065,5
6066,1
6067,1
6068,4
6069,1
6070,5
6071,1
6072,4
6073,5
6074,1
6075,1
6076,5
6077,5
6078,3
6079,2
6080,1
6081,5
6082,5
6083,1
6084,3
6085,5
6086,5
6087,1
6088,4
6089,5
6090,1
6091,1
6092,1
6093,3
6094,1
6095,5
6096,3
6097,5
6098,1
6099,2
6100,1
6101,1
6102,1
6103,4
6104,1
6105,1
6106,1
6107,5
6108,5
6109,1
6110,1
6111,1
6112,1
6113,5
6114,5
6115,5
6116,5
6117,1
6118,1
6119,5
6120,4
6121,1
6122,4
6123,1
6124,5
6125,5
6126,1
6127,4
6128,5
6129,4
6130,5
6131,1
6132,3
6133,3
6134,5
6135,5
6136,5
6137,1
6138,2
6139,1
6140,5
6141,5
6142,5
6143,2
6144,3
6145,5
6146,2
6147,4
6148,5
6149,4
6150,5
6151,5
6152,5
6153,4
6154,1
6155,4
6156,5
6157,3
6158,5
6159,1
6160,5
6161,2
6162,1
6163,4
6164,5
6165,1
6166,5
6167,5
6168,2
6169,5
6170,1
6171,5
6172,5
6173,1
6174,3
6175,5
6176,3
6177,1
6178,5
6179,3
6180,4
6181,1
6182,4
6183,5
6184,3
6185,3
6186,4
6187,4
6188,5
6189,1
6190,1
6191,1
6192,1
6193,4
6194,1
6195,1
6196,1
6197,5
6198,1
6199,1
6200,1
6201,5
6202,1
6203,1
6204,4
6205,1
6206,1
6207,1
6208,1
6209,1
6210,5
6211,5
6212,5
6213,4
6214,1
6215,5
6216,1
6217,1
6218,5
6219,5
6220,4
6221,1
6222,1
6223,3
6224,5
6225,5
6226,5
6227,1
6228,5
6229,5
6230,5
6231,1
6232,5
6233,1
6234,3
6235,5
6236,1
6237,5
6238,3
6239,5
6240,1
6241,5
6242,1
6243,1
6244,5
6245,5
6246,1
6247,5
6248,3
6249,5
6250,5
6251,3
6252,1
6253,3
6254,5
6255,1
6256,5
6257,1
6258,5
6259,1
6260,1
6261,1
6262,1
6263,3
6264,1
6265,5
6266,4
6267,5
6268,5
6269,4
6270,5
6271,3
6272,5
6273,5
6274,5
6275,5
6276,4
6277,2
6278,1
6279,1
6280,1
6281,5
6282,1
6283,1
6284,1
6285,1
6286,5
6287,5
6288,5
6289,5
6290,2
6291,3
6292,5
6293,3
6294,5
6295,1
6296,1
6297,1
6298,5
6299,1
6300,1
6301,1
6302,5
6303,5
6304,1
6305,5
6306,4
6307,5
6308,1
6309,5
6310,5
6311,1
6312,1
6313,5
6314,1
6315,3
6316,5
6317,5
6318,1
6319,5
6320,5
6321,1
6322,3
6323,5
6324,1
6325,5
6326,4
6327,5
6328,5
6329,2
6330,5
6331,5
6332,1
6333,4
6334,1
6335,5
6336,1
6337,5
6338,4
6339,5
6340,4
6341,1
6342,1
6343,5
6344,5
6345,1
6346,5
6347,1
6348,3
6349,5
6350,5
6351,2
6352,1
6353,5
6354,5
6355,4
6356,1
6357,1
6358,1
6359,4
6360,1
6361,5
6362,1
6363,5
6364,4
6365,1
6366,5
6367,5
6368,1
6369,3
6370,1
6371,5
6372,1
6373,5
6374,4
6375,1
6376,1
6377,1
6378,5
6379,5
6380,5
6381,5
6382,1
6383,3
6384,5
6385,1
6386,5
6387,3
6388,5
6389,4
6390,3
6391,4
6392,5
6393,1
6394,1
6395,1
6396,3
6397,4
6398,5
6399,1
6400,1
6401,5
6402,1
6403,4
6404,1
6405,3
6406,3
6407,5
6408,5
6409,4
6410,1
6411,5
6412,3
6413,4
6414,4
6415,1
6416,1
6417,4
6418,3
6419,5
6420,1
6421,5
6422,5
6423,5
6424,1
6425,1
6426,5
6427,4
6428,1
6429,3
6430,4
6431,5
6432,5
6433,5
6434,4
6435,1
6436,5
6437,1
6438,4
6439,1
6440,1
6441,1
6442,5
6443,5
6444,5
6445,5
6446,5
6447,4
6448,2
6449,1
6450,2
6451,3
6452,1
6453,5
6454,5
6455,1
6456,3
6457,4
6458,5
6459,3
6460,3
6461,5
6462,1
6463,2
6464,2
6465,5
6466,1
6467,5
6468,1
6469,5
6470,1
6471,5
6472,1
6473,3
6474,1
6475,4
6476,5
6477,4
6478,1
6479,5
6480,5
6481,5
6482,1
6483,5
6484,4
6485,5
6486,1
6487,4
6488,1
6489,5
6490,1
6491,1
6492,1
6493,5
6494,1
6495,5
6496,3
6497,5
6498,1
6499,4
6500,3
6501,5
6502,1
6503,1
6504,5
6505,1
6506,2
6507,1
6508,1
6509,5
6510,5
6511,4
6512,5
6513,1
6514,1
6515,1
6516,4
6517,5
6518,1
6519,5
6520,1
6521,1
6522,3
6523,1
6524,3
6525,1
6526,1
6527,5
6528,4
6529,1
6530,1
6531,1
6532,5
6533,1
6534,1
6535,1
6536,1
6537,5
6538,1
6539,1
6540,2
6541,1
6542,5
6543,1
6544,4
6545,5
6546,1
6547,5
6548,4
6549,1
6550,5
6551,5
6552,1
6553,2
6554,5
6555,5
6556,5
6557,1
6558,1
6559,4
6560,1
6561,5
6562,5
6563,4
6564,1
6565,1
6566,5
6567,3
6568,2
6569,3
6570,5
6571,5
6572,5
6573,5
6574,5
6575,4
6576,3
6577,1
6578,5
6579,5
6580,4
6581,1
6582,5
6583,5
6584,4
6585,5
6586,5
6587,1
6588,1
6589,5
6590,3
6591,1
6592,5
6593,1
6594,4
6595,1
6596,3
6597,5
6598,1
6599,5
6600,2
6601,5
6602,4
6603,1
6604,4
6605,4
6606,5
6607,5
6608,5
6609,3
6610,1
6611,1
6612,5
6613,5
6614,1
6615,5
6616,5
6617,5
6618,5
6619,5
6620,1
6621,1
6622,5
6623,1
6624,5
6625,3
6626,5
6627,5
6628,1
6629,4
6630,4
6631,5
6632,3
6633,1
6634,5
6635,5
6636,3
6637,1
6638,4
6639,3
6640,1
6641,1
6642,3
6643,5
6644,1
6645,5
6646,1
6647,5
6648,5
6649,1
6650,5
6651,3
6652,1
6653,5
6654,1
6655,5
6656,1
6657,1
6658,1
6659,1
6660,3
6661,5
6662,4
6663,1
6664,4
6665,5
6666,2
6667,5
6668,1
6669,5
6670,1
6671,5
6672,3
6673,1
6674,1
6675,2
6676,1
6677,5
6678,3
6679,1
6680,5
6681,5
6682,1
6683,1
6684,1
6685,1
6686,1
6687,3
6688,5
6689,1
6690,5
6691,5
6692,4
6693,1
6694,5
6695,2
6696,1
6697,5
6698,1
6699,1
6700,5
6701,1
6702,5
6703,5
6704,4
6705,4
6706,5
6707,3
6708,5
6709,1
6710,1
6711,5
6712,5
6713,5
6714,5
6715,1
6716,5
6717,5
6718,5
6719,3
6720,2
6721,5
6722,1
6723,4
6724,1
6725,5
6726,1
6727,1
6728,3
6729,3
6730,5
6731,1
6732,5
6733,1
6734,5
6735,2
6736,1
6737,2
6738,1
6739,5
6740,5
6741,4
6742,1
6743,5
6744,5
6745,1
6746,4
6747,3
6748,1
6749,5
6750,5
6751,1
6752,1
6753,5
6754,4
6755,1
6756,1
6757,4
6758,5
6759,1
6760,1
6761,1
6762,4
6763,1
6764,1
6765,5
6766,3
6767,1
6768,1
6769,3
6770,4
6771,4
6772,1
6773,1
6774,5
6775,5
6776,3
6777,3
6778,5
6779,1
6780,5
6781,5
6782,1
6783,3
6784,1
6785,5
6786,1
6787,1
6788,1
6789,5
6790,5
6791,4
6792,1
6793,1
6794,5
6795,1
6796,1
6797,1
6798,1
6799,1
6800,5
6801,1
6802,3
6803,5
6804,5
6805,1
6806,1
6807,3
6808,5
6809,5
6810,2
6811,5
6812,1
6813,5
6814,1
6815,3
6816,5
6817,5
6818,5
6819,1
6820,5
6821,5
6822,1
6823,1
6824,5
6825,4
6826,1
6827,4
6828,5
6829,5
6830,5
6831,4
6832,1
6833,4
6834,5
6835,5
6836,1
6837,5
6838,5
6839,1
6840,1
6841,5
6842,1
6843,1
6844,4
6845,4
6846,1
6847,5
6848,1
6849,1
6850,5
6851,2
6852,4
6853,1
6854,4
6855,5
6856,5
6857,1
6858,5
6859,1
6860,5
6861,1
6862,3
6863,1
6864,3
6865,4
6866,5
6867,1
6868,1
6869,1
6870,5
6871,2
6872,5
6873,2
6874,5
6875,5
6876,3
6877,1
6878,4
6879,5
6880,1
6881,3
6882,4
6883,5
6884,5
6885,1
6886,1
6887,5
6888,5
6889,5
6890,1
6891,1
6892,1
6893,5
6894,1
6895,1
6896,1
6897,3
6898,3
6899,4
6900,1
6901,5
6902,2
6903,5
6904,1
6905,5
6906,5
6907,5
6908,4
6909,1
6910,5
6911,1
6912,1
6913,3
6914,5
6915,5
6916,3
6917,5
6918,4
6919,5
6920,5
6921,4
6922,4
6923,4
6924,1
6925,5
6926,1
6927,5
6928,1
6929,5
6930,1
6931,4
6932,1
6933,1
6934,5
6935,2
6936,1
6937,5
6938,5
6939,1
6940,1
6941,3
6942,3
6943,5
6944,5
6945,1
6946,1
6947,3
6948,4
6949,1
6950,4
6951,2
6952,1
6953,1
6954,5
6955,5
6956,4
6957,5
6958,3
6959,5
6960,4
6961,1
6962,3
6963,5
6964,5
6965,1
6966,5
6967,5
6968,5
6969,1
6970,2
6971,1
6972,1
6973,4
6974,5
6975,3
6976,5
6977,5
6978,5
6979,5
6980,5
6981,1
6982,5
6983,5
6984,5
6985,5
6986,2
6987,1
6988,5
6989,2
6990,5
6991,5
6992,5
6993,1
6994,1
6995,5
6996,4
6997,5
6998,5
6999,5
